{"array_size":[10000,20000,30000,0,0],"n_rep":3,"min":-30000,"max":30000,"algorithms":[true,true,false,false,true,false],"timeBubble":[0.432114,1.7300627,3.8883213,0.0,0.0],"timeHeap":[0.0036458999999999997,0.0072492999999999993,0.0110721,0.0,0.0],"timeInsertion":[0.0,0.0,0.0,0.0,0.0],"timeMerge":[0.0,0.0,0.0,0.0,0.0],"timeQuick":[0.0019952,0.0046278,0.0069803999999999995,0.0,0.0],"timeSelection":[0.0,0.0,0.0,0.0,0.0],"complete":true}